1788741842.577554182	1788741842.593600800	.016046618	volume		
1788741842.607467368	1788741843.169239621	.561772253	run		/opt/_avocado/qemux86-64/includes/avocado-ext-dev/avocado.ya
1788741843.184575033	1788741843.198175231	.013600198	volume		
1788741843.210409051	1788741843.740680846	.530271795	run		/opt/_avocado/qemux86-64/includes/avocado-ext-sshd-dev/avoca
1788741843.755480725	1788741843.769372991	.013892266	volume		
1788741843.782640772	1788741844.298978288	.516337516	run		/opt/_avocado/qemux86-64/includes/avocado-bsp-qemux86-64/avo
1788741844.813594282	1788741844.828472778	.014878496	volume		
1788741844.862510831	1788741845.380181297	.517670466	run	AVOCADO_SDK_IMAGE=docker.io/avocadolinux/sdk:2024	 set -e  # Set up signal handlers to forward signals to all 
1788741845.396647554	1788741845.410720962	.014073408	volume		
1788741845.446450693	1788741845.992770739	.546320046	run	AVOCADO_SDK_IMAGE=docker.io/avocadolinux/sdk:2024	 set -e  # Set up signal handlers to forward signals to all 
1788741846.009620091	1788741846.024208292	.014588201	volume		
1788741846.058050722	1788741846.608954053	.550903331	run	AVOCADO_SDK_IMAGE=docker.io/avocadolinux/sdk:2024	 set -e  # Set up signal handlers to forward signals to all 
1788741846.625130616	1788741846.638712727	.013582111	volume		
1788741846.674031681	1788741847.278092903	.604061222	run	AVOCADO_SDK_IMAGE=docker.io/avocadolinux/sdk:2024	 set -e  # Set up signal handlers to forward signals to all 
1788741847.423898475	1788741847.439423560	.015525085	volume		
1788741847.452804090	1788741847.991627582	.538823492	run		/opt/_avocado/qemux86-64/includes/avocado-ext-dev/avocado.ya
1788741848.007266719	1788741848.021770773	.014504054	volume		
1788741848.034363821	1788741848.563945873	.529582052	run		/opt/_avocado/qemux86-64/includes/avocado-ext-sshd-dev/avoca
1788741848.579529246	1788741848.593164477	.013635231	volume		
1788741848.606180410	1788741849.127971075	.521790665	run		/opt/_avocado/qemux86-64/includes/avocado-bsp-qemux86-64/avo
1788741849.214475261	1788741849.229157823	.014682562	volume		
1788741849.241566665	1788741849.255622036	.014055371	volume		
1788741849.292206088	1788741850.006505104	.714299016	run	AVOCADO_SDK_IMAGE=docker.io/avocadolinux/sdk:2024	 set -e  # Set up signal handlers to forward signals to all 
1788741850.089108559	1788741850.103500215	.014391656	volume		
1788741850.117302377	1788741850.657814893	.540512516	run		/opt/_avocado/qemux86-64/includes/avocado-ext-dev/avocado.ya
1788741850.674109303	1788741850.689819967	.015710664	volume		
1788741850.702310531	1788741851.237047104	.534736573	run		/opt/_avocado/qemux86-64/includes/avocado-ext-sshd-dev/avoca
1788741851.253401263	1788741851.268199419	.014798156	volume		
1788741851.281453358	1788741851.797845406	.516392048	run		/opt/_avocado/qemux86-64/includes/avocado-bsp-qemux86-64/avo
1788741851.948134582	1788741851.963535582	.015401000	volume		
1788741851.975760157	1788741852.519005472	.543245315	run		/opt/_avocado/qemux86-64/includes/avocado-ext-dev/avocado.ya
1788741852.535205150	1788741852.549300401	.014095251	volume		
1788741852.562244646	1788741853.104161167	.541916521	run		/opt/_avocado/qemux86-64/includes/avocado-ext-sshd-dev/avoca
1788741853.119505042	1788741853.134189126	.014684084	volume		
1788741853.147862825	1788741853.674221321	.526358496	run		/opt/_avocado/qemux86-64/includes/avocado-bsp-qemux86-64/avo
1788741853.763526789	1788741853.777074770	.013547981	volume		
1788741853.789532845	1788741853.803943079	.014410234	volume		
1788741853.838894262	1788741854.580547605	.741653343	run	AVOCADO_SDK_IMAGE=docker.io/avocadolinux/sdk:2024	 set -e  # Set up signal handlers to forward signals to all 
1788741854.667372733	1788741854.682562506	.015189773	volume		
1788741854.695250727	1788741855.234073177	.538822450	run		/opt/_avocado/qemux86-64/includes/avocado-ext-dev/avocado.ya
1788741855.250304473	1788741855.265936539	.015632066	volume		
1788741855.277852892	1788741855.789861035	.512008143	run		/opt/_avocado/qemux86-64/includes/avocado-ext-sshd-dev/avoca
1788741855.804884568	1788741855.818856264	.013971696	volume		
1788741855.831858446	1788741856.360453157	.528594711	run		/opt/_avocado/qemux86-64/includes/avocado-bsp-qemux86-64/avo
1788741856.515502032	1788741856.530784914	.015282882	volume		
1788741856.543098563	1788741857.056640286	.513541723	run		/opt/_avocado/qemux86-64/includes/avocado-ext-dev/avocado.ya
1788741857.073528276	1788741857.088074744	.014546468	volume		
1788741857.101416505	1788741857.630005978	.528589473	run		/opt/_avocado/qemux86-64/includes/avocado-ext-sshd-dev/avoca
1788741857.645745956	1788741857.661260816	.015514860	volume		
1788741857.674110950	1788741858.188650039	.514539089	run		/opt/_avocado/qemux86-64/includes/avocado-bsp-qemux86-64/avo
1788741858.275485352	1788741858.290638099	.015152747	volume		
1788741858.303770086	1788741858.317691486	.013921400	volume		
1788741858.351417752	1788741859.062558059	.711140307	run	AVOCADO_SDK_IMAGE=docker.io/avocadolinux/sdk:2024	 set -e  # Set up signal handlers to forward signals to all 
1788741859.143527304	1788741859.158013982	.014486678	volume		
1788741859.171682153	1788741859.701606147	.529923994	run		/opt/_avocado/qemux86-64/includes/avocado-ext-dev/avocado.ya
1788741859.719064172	1788741859.733395898	.014331726	volume		
1788741859.746295506	1788741860.283027401	.536731895	run		/opt/_avocado/qemux86-64/includes/avocado-ext-sshd-dev/avoca
1788741860.298168882	1788741860.313493817	.015324935	volume		
1788741860.326080867	1788741860.856388456	.530307589	run		/opt/_avocado/qemux86-64/includes/avocado-bsp-qemux86-64/avo
1788741861.001731033	1788741861.016249529	.014518496	volume		
1788741861.029245682	1788741861.542350159	.513104477	run		/opt/_avocado/qemux86-64/includes/avocado-ext-dev/avocado.ya
1788741861.558244468	1788741861.572496975	.014252507	volume		
1788741861.585962152	1788741862.124178203	.538216051	run		/opt/_avocado/qemux86-64/includes/avocado-ext-sshd-dev/avoca
1788741862.140232172	1788741862.155656377	.015424205	volume		
1788741862.168025349	1788741862.696598547	.528573198	run		/opt/_avocado/qemux86-64/includes/avocado-bsp-qemux86-64/avo
1788741862.973375180	1788741862.987210251	.013835071	volume		
1788741863.022636005	1788741863.422509790	.399873785	run	AVOCADO_SDK_IMAGE=docker.io/avocadolinux/sdk:2024	 set -e  # Set up signal handlers to forward signals to all 
1788741863.438094815	1788741863.452604889	.014510074	volume		
1788741863.487367969	1788741865.329615997	1.842248028	run	AVOCADO_SDK_IMAGE=docker.io/avocadolinux/sdk:2024	 set -e  # Set up signal handlers to forward signals to all 
1788741865.476128939	1788741865.490902298	.014773359	volume		
1788741865.527258027	1788741865.932911880	.405653853	run	AVOCADO_SDK_IMAGE=docker.io/avocadolinux/sdk:2024	 set -e  # Set up signal handlers to forward signals to all 
1788741865.948791298	1788741865.963743765	.014952467	volume		
1788741865.997383721	1788741866.565147510	.567763789	run	AVOCADO_SDK_IMAGE=docker.io/avocadolinux/sdk:2024	 set -e  # Set up signal handlers to forward signals to all 
1788741866.580742942	1788741866.594675729	.013932787	volume		
1788741866.628571088	1788741867.031593085	.403021997	run	AVOCADO_SDK_IMAGE=docker.io/avocadolinux/sdk:2024	 set -e  # Set up signal handlers to forward signals to all 
1788741867.048169737	1788741867.062702014	.014532277	volume		
1788741867.096823773	1788741868.732832135	1.636008362	run	AVOCADO_SDK_IMAGE=docker.io/avocadolinux/sdk:2024	 set -e  # Set up signal handlers to forward signals to all 
1788741868.759780705	1788741868.773643577	.013862872	volume		
1788741868.808573618	1788741869.526725603	.718151985	run	AVOCADO_SDK_IMAGE=docker.io/avocadolinux/sdk:2024	 set -e  # Set up signal handlers to forward signals to all 
1788741869.544055135	1788741869.557875003	.013819868	volume		
1788741869.593840437	1788741869.988493140	.394652703	run	AVOCADO_SDK_IMAGE=docker.io/avocadolinux/sdk:2024	 set -e  # Set up signal handlers to forward signals to all 
1788741870.004428652	1788741870.017958085	.013529433	volume		
1788741870.051501906	1788741870.447024183	.395522277	run	AVOCADO_SDK_IMAGE=docker.io/avocadolinux/sdk:2024	 set -e  # Set up signal handlers to forward signals to all 
1788741870.463624622	1788741870.477644220	.014019598	volume		
1788741870.511752489	1788741871.364595854	.852843365	run	AVOCADO_SDK_IMAGE=docker.io/avocadolinux/sdk:2024	 set -e  # Set up signal handlers to forward signals to all 
1788741871.381651856	1788741871.396345906	.014694050	volume		
1788741871.430035286	1788741873.089148673	1.659113387	run	AVOCADO_SDK_IMAGE=docker.io/avocadolinux/sdk:2024	 set -e  # Set up signal handlers to forward signals to all 
1788741873.104403303	1788741873.118835009	.014431706	volume		
1788741873.152885160	1788741873.900396090	.747510930	run	AVOCADO_SDK_IMAGE=docker.io/avocadolinux/sdk:2024	 set -e  # Set up signal handlers to forward signals to all 
1788741873.916499533	1788741873.930188425	.013688892	volume		
1788741873.966152837	1788741874.363567162	.397414325	run	AVOCADO_SDK_IMAGE=docker.io/avocadolinux/sdk:2024	 set -e  # Set up signal handlers to forward signals to all 
1788741874.379466530	1788741874.394092196	.014625666	volume		
1788741874.428062117	1788741875.250156453	.822094336	run	AVOCADO_SDK_IMAGE=docker.io/avocadolinux/sdk:2024	 set -e  # Set up signal handlers to forward signals to all 
1788741875.266591894	1788741875.281561877	.014969983	volume		
1788741875.317838548	1788741875.719716088	.401877540	run	AVOCADO_SDK_IMAGE=docker.io/avocadolinux/sdk:2024	 set -e  # Set up signal handlers to forward signals to all 
1788741875.735981564	1788741875.750291768	.014310204	volume		
1788741875.785198534	1788741876.187598036	.402399502	run	AVOCADO_SDK_IMAGE=docker.io/avocadolinux/sdk:2024	 set -e  # Set up signal handlers to forward signals to all 
1788741876.269631287	1788741876.283408701	.013777414	volume		
1788741876.297688779	1788741876.840417159	.542728380	run		/opt/_avocado/qemux86-64/includes/avocado-ext-dev/avocado.ya
1788741876.857851378	1788741876.872738737	.014887359	volume		
1788741876.886777344	1788741877.424392134	.537614790	run		/opt/_avocado/qemux86-64/includes/avocado-ext-sshd-dev/avoca
1788741877.440372472	1788741877.454174694	.013802222	volume		
1788741877.467626911	1788741878.011475780	.543848869	run		/opt/_avocado/qemux86-64/includes/avocado-bsp-qemux86-64/avo
1788741878.354229001	1788741878.369279454	.015050453	volume		
1788741878.405213041	1788741878.802961427	.397748386	run	AVOCADO_SDK_IMAGE=docker.io/avocadolinux/sdk:2024	 set -e  # Set up signal handlers to forward signals to all 
1788741878.818892782	1788741878.833027843	.014135061	volume		
1788741878.867579617	1788741879.569940546	.702360929	run	AVOCADO_SDK_IMAGE=docker.io/avocadolinux/sdk:2024	 set -e  # Set up signal handlers to forward signals to all 
1788741879.585916959	1788741879.601087493	.015170534	volume		
1788741879.635865366	1788741880.024343778	.388478412	run	AVOCADO_SDK_IMAGE=docker.io/avocadolinux/sdk:2024	 set -e  # Set up signal handlers to forward signals to all 
1788741880.041486701	1788741880.056669543	.015182842	volume		
1788741880.092062188	1788741880.468453471	.376391283	run	AVOCADO_SDK_IMAGE=docker.io/avocadolinux/sdk:2024	 set -e  # Set up signal handlers to forward signals to all 
1788741880.554878839	1788741880.570104115	.015225276	volume		
1788741880.605263741	1788741881.006642752	.401379011	run	AVOCADO_SDK_IMAGE=docker.io/avocadolinux/sdk:2024	 set -e  # Set up signal handlers to forward signals to all 
1788741881.021826436	1788741881.035304632	.013478196	volume		
1788741881.070829615	1788741881.777910634	.707081019	run	AVOCADO_SDK_IMAGE=docker.io/avocadolinux/sdk:2024	 set -e  # Set up signal handlers to forward signals to all 
1788741881.794098685	1788741881.808312444	.014213759	volume		
1788741881.844759520	1788741882.251901686	.407142166	run	AVOCADO_SDK_IMAGE=docker.io/avocadolinux/sdk:2024	 set -e  # Set up signal handlers to forward signals to all 
1788741882.268927713	1788741882.282173811	.013246098	volume		
1788741882.319063280	1788741882.708044477	.388981197	run	AVOCADO_SDK_IMAGE=docker.io/avocadolinux/sdk:2024	 set -e  # Set up signal handlers to forward signals to all 
1788741882.792256395	1788741882.806016694	.013760299	volume		
1788741882.841363270	1788741883.232201552	.390838282	run	AVOCADO_SDK_IMAGE=docker.io/avocadolinux/sdk:2024	 set -e  # Set up signal handlers to forward signals to all 
1788741883.249019747	1788741883.262594197	.013574450	volume		
1788741883.297467673	1788741883.700777732	.403310059	run	AVOCADO_SDK_IMAGE=docker.io/avocadolinux/sdk:2024	 set -e  # Set up signal handlers to forward signals to all 
1788741883.785081247	1788741883.798116198	.013034951	volume		
1788741883.832829243	1788741884.230939202	.398109959	run	AVOCADO_SDK_IMAGE=docker.io/avocadolinux/sdk:2024	 set -e  # Set up signal handlers to forward signals to all 
1788741884.247598459	1788741884.261473430	.013874971	volume		
1788741884.296431262	1788741884.692315653	.395884391	run	AVOCADO_SDK_IMAGE=docker.io/avocadolinux/sdk:2024	 set -e  # Set up signal handlers to forward signals to all 
1788741884.775035042	1788741884.790074610	.015039568	volume		
1788741884.825596248	1788741885.214355282	.388759034	run	AVOCADO_SDK_IMAGE=docker.io/avocadolinux/sdk:2024	 set -e  # Set up signal handlers to forward signals to all 
1788741885.295666739	1788741885.310586487	.014919748	volume		
1788741885.344761856	1788741886.049332621	.704570765	run	AVOCADO_SDK_IMAGE=docker.io/avocadolinux/sdk:2024	 set -e  # Set up signal handlers to forward signals to all 
1788741886.065173150	1788741886.079447199	.014274049	volume		
1788741886.113348387	1788741886.514164344	.400815957	run	AVOCADO_SDK_IMAGE=docker.io/avocadolinux/sdk:2024	 set -e  # Set up signal handlers to forward signals to all 
1788741886.596404194	1788741886.609702109	.013297915	volume		
1788741886.643681264	1788741887.037000027	.393318763	run	AVOCADO_SDK_IMAGE=docker.io/avocadolinux/sdk:2024	 set -e  # Set up signal handlers to forward signals to all 
