1788741908.025723128	1788741908.039674905	.013951777	volume		
1788741908.052419180	1788741908.580712668	.528293488	run		/opt/_avocado/qemux86-64/includes/avocado-ext-dev/avocado.ya
1788741908.597596242	1788741908.612494097	.014897855	volume		
1788741908.625590349	1788741909.128519355	.502929006	run		/opt/_avocado/qemux86-64/includes/avocado-ext-sshd-dev/avoca
1788741909.145360404	1788741909.159872731	.014512327	volume		
1788741909.173457436	1788741909.699344746	.525887310	run		/opt/_avocado/qemux86-64/includes/avocado-bsp-qemux86-64/avo
1788741909.905400246	1788741909.919671361	.014271115	volume		
1788741909.954207451	1788741910.499372405	.545164954	run	AVOCADO_SDK_IMAGE=docker.io/avocadolinux/sdk:2024	 set -e  # Set up signal handlers to forward signals to all 
1788741910.583331453	1788741910.597452784	.014121331	volume		
1788741910.582057082	1788741910.597331832	.015274750	volume		
1788741910.582222220	1788741910.597408207	.015185987	volume		
1788741910.582235109	1788741910.597463890	.015228781	volume		
1788741910.634446149	1788741911.215025150	.580579001	run	AVOCADO_SDK_IMAGE=docker.io/avocadolinux/sdk:2024	 set -e  # Set up signal handlers to forward signals to all 
1788741910.631004247	1788741911.260094790	.629090543	run	AVOCADO_SDK_IMAGE=docker.io/avocadolinux/sdk:2024	 set -e  # Set up signal handlers to forward signals to all 
1788741911.300988876	1788741911.316737087	.015748211	volume		
1788741910.631229986	1788741911.329544786	.698314800	run	AVOCADO_SDK_IMAGE=docker.io/avocadolinux/sdk:2024	 set -e  # Set up signal handlers to forward signals to all 
1788741911.344797534	1788741911.359252835	.014455301	volume		
1788741910.651457775	1788741911.368849609	.717391834	run	AVOCADO_SDK_IMAGE=docker.io/avocadolinux/sdk:2024	 set -e  # Set up signal handlers to forward signals to all 
1788741911.415229253	1788741911.428755791	.013526538	volume		
1788741911.462000204	1788741911.476962175	.014961971	volume		
1788741911.352058114	1788741911.927063866	.575005752	run	AVOCADO_SDK_IMAGE=docker.io/avocadolinux/sdk:2024	 set -e  # Set up signal handlers to forward signals to all 
1788741911.946046377	1788741911.960617602	.014571225	volume		
1788741911.394621674	1788741911.986179041	.591557367	run	AVOCADO_SDK_IMAGE=docker.io/avocadolinux/sdk:2024	 set -e  # Set up signal handlers to forward signals to all 
1788741911.464093774	1788741912.052380255	.588286481	run	AVOCADO_SDK_IMAGE=docker.io/avocadolinux/sdk:2024	 set -e  # Set up signal handlers to forward signals to all 
1788741912.073740073	1788741912.088565439	.014825366	volume		
1788741911.512561661	1788741912.144262759	.631701098	run	AVOCADO_SDK_IMAGE=docker.io/avocadolinux/sdk:2024	 set -e  # Set up signal handlers to forward signals to all 
1788741912.162247944	1788741912.176795614	.014547670	volume		
1788741912.255566942	1788741912.269307511	.013740569	volume		
1788741912.303529691	1788741912.723202871	.419673180	run	AVOCADO_SDK_IMAGE=docker.io/avocadolinux/sdk:2024	 set -e  # Set up signal handlers to forward signals to all 
1788741913.105161264	1788741913.119831007	.014669743	volume		
1788741913.133319739	1788741913.656290975	.522971236	run		/opt/_avocado/qemux86-64/includes/avocado-ext-dev/avocado.ya
1788741913.671931735	1788741913.687393065	.015461330	volume		
1788741913.701905051	1788741914.235755404	.533850353	run		/opt/_avocado/qemux86-64/includes/avocado-ext-sshd-dev/avoca
1788741914.252584867	1788741914.267026327	.014441460	volume		
1788741914.280250191	1788741914.815212933	.534962742	run		/opt/_avocado/qemux86-64/includes/avocado-bsp-qemux86-64/avo
1788741914.965627377	1788741914.980434576	.014807199	volume		
1788741915.016608433	1788741918.214416513	3.197808080	run	AVOCADO_SDK_IMAGE=docker.io/avocadolinux/sdk:2024	 set -e  # Set up signal handlers to forward signals to all 
1788741918.300115141	1788741918.315265525	.015150384	volume		
1788741918.349578410	1788741918.747218494	.397640084	run	AVOCADO_SDK_IMAGE=docker.io/avocadolinux/sdk:2024	 set -e  # Set up signal handlers to forward signals to all 
1788741918.764501847	1788741918.779073312	.014571465	volume		
1788741918.814880199	1788741919.243283173	.428402974	run	AVOCADO_SDK_IMAGE=docker.io/avocadolinux/sdk:2024	 set -e  # Set up signal handlers to forward signals to all 
1788741919.264550962	1788741919.277948577	.013397615	volume		
1788741919.312637497	1788741919.708623780	.395986283	run	AVOCADO_SDK_IMAGE=docker.io/avocadolinux/sdk:2024	 set -e  # Set up signal handlers to forward signals to all 
